family,test_year,selected_variant,train_sharpe,train_trades,test_valid
1,2003,F1_m126_top10,0.6354859767559996,78,True
1,2004,F1_m63_top20,2.4619448425034274,221,True
1,2005,F1_m63_top20,1.5231662041954719,375,True
1,2006,F1_m63_top20,1.9796430700196186,579,True
1,2007,F1_m126_top20,1.4754570919911825,667,True
1,2008,F1_m126_top20,2.4922751796134093,697,True
1,2009,F1_m126_top10,0.7498925874775119,354,True
1,2010,F1_m63_top10,1.1573659592248602,349,True
1,2011,F1_m63_top10,0.5867983672055502,348,True
1,2012,F1_m63_top20,1.6372038115824066,677,True
1,2013,F1_m252_top20,1.1802911526010895,667,True
1,2014,F1_m252_top10,1.1797973099883066,331,True
1,2015,F1_m252_top20,2.801039038201766,650,False
1,2016,F1_m126_top10,1.737030125202309,338,True
1,2017,F1_m252_top10,1.7423233050215419,338,True
1,2018,F1_m252_top20,1.5013752684970854,669,True
1,2019,F1_m63_top10,1.1310904433466968,338,True
1,2020,F1_m252_top20,1.3378548220364717,677,True
1,2021,F1_m126_top10,1.1176235629285454,334,True
1,2022,F1_m126_top10,1.9558087283790655,347,True
1,2023,F1_m252_top10,1.9305798891868695,342,True
1,2024,F1_m252_top10,2.356643988950113,355,True
1,2025,F1_m252_top10,2.0700167001029777,354,True
1,2026,F1_m252_top20,1.9580142131754454,688,True
2,2004,F2_vol125_ma100_hold10,0.9108607748074159,36,True
2,2005,F2_vol150_ma100_hold5,-0.3184611025483308,187,True
2,2006,F2_vol125_ma100_hold10,0.14872823684692593,801,True
2,2007,F2_vol125_ma100_hold10,0.21589214718542651,1526,True
2,2008,F2_vol125_ma100_hold10,1.1012136570700675,2427,True
2,2009,F2_vol125_ma100_hold10,0.414179697427137,1961,True
2,2010,F2_vol125_ma100_hold10,0.026277973478004327,2019,True
2,2011,F2_vol125_ma100_hold10,-0.9731606321727916,2231,True
2,2012,F2_vol125_ma100_hold10,-0.9378724556404701,2357,True
2,2013,F2_vol150_ma100_hold10,-0.9015189317048594,1624,True
2,2014,F2_vol125_ma100_hold10,-0.5861287357481283,1234,True
2,2015,F2_vol125_ma100_hold10,0.31175048927601073,2401,True
2,2016,F2_vol125_ma100_hold10,0.10256237146013623,3001,True
2,2017,F2_vol125_ma100_hold10,-0.06137335418405421,2883,True
2,2018,F2_vol125_ma100_hold10,-0.17009703666803225,2591,True
2,2019,F2_vol150_ma100_hold10,-0.16691961822442897,1784,True
2,2020,F2_vol150_ma100_hold10,0.22183478071781404,1128,True
2,2021,F2_vol125_ma100_hold5,0.714902266262379,1073,True
2,2022,F2_vol125_ma100_hold5,1.322246751589654,2742,True
2,2023,F2_vol125_ma100_hold5,1.1896051216265906,3574,True
2,2024,F2_vol125_ma100_hold10,1.1505514960026684,3366,True
2,2025,F2_vol125_ma100_hold10,0.780551936391966,2993,True
2,2026,F2_vol150_ma100_hold10,0.8388351877211947,2780,True
3,2003,F3_rsi5_ma100_hold5,0.594938128927618,31,True
3,2004,F3_rsi10_ma100_hold5,1.9388066012536345,1033,True
3,2005,F3_rsi10_ma100_hold2,0.8251896719056008,1465,True
3,2006,F3_rsi10_ma100_hold5,1.03238624745606,3354,True
3,2007,F3_rsi5_ma100_hold5,0.4723141953612531,2525,True
3,2008,F3_rsi5_ma100_hold5,1.5773384470042178,2892,True
3,2009,F3_rsi5_ma100_hold5,0.7338427123756746,2282,True
3,2010,F3_rsi5_ma100_hold5,1.5695049556264062,2249,True
3,2011,F3_rsi5_ma100_hold5,0.9834638467454657,2725,True
3,2012,F3_rsi5_ma100_hold5,1.4870342406007264,2886,True
3,2013,F3_rsi5_ma200_hold5,0.3672738136278501,2679,True
3,2014,F3_rsi5_ma200_hold5,-0.15476287156074048,2326,True
3,2015,F3_rsi10_ma200_hold5,0.9158577556824737,3927,True
3,2016,F3_rsi5_ma200_hold5,0.6002974570096904,3689,True
3,2017,F3_rsi5_ma200_hold5,0.7454888178978856,3617,True
3,2018,F3_rsi10_ma200_hold5,0.42478086924044933,4355,True
3,2019,F3_rsi5_ma100_hold5,0.1471634025762634,2449,True
3,2020,F3_rsi10_ma200_hold5,0.4849682205473225,2246,True
3,2021,F3_rsi5_ma100_hold2,-0.23830256551262166,1684,True
3,2022,F3_rsi5_ma100_hold2,0.32878109755643686,2512,True
3,2023,F3_rsi5_ma100_hold2,0.3071987702498927,2563,True
3,2024,F3_rsi10_ma100_hold5,0.8945472227079556,4362,True
3,2025,F3_rsi10_ma200_hold5,0.47308055840198543,4174,True
3,2026,F3_rsi5_ma100_hold5,0.6336824449867899,3096,True
4,2003,F4_daily_swing3_hold10,-0.0993973940538201,132,True
4,2004,F4_daily_swing2_hold10,2.1192678915013867,1559,True
4,2005,F4_daily_swing2_hold10,2.2262100006271233,2734,True
4,2006,F4_daily_swing2_hold10,2.350152790355144,4036,True
4,2007,F4_daily_swing2_hold10,1.4959433039430061,3904,True
4,2008,F4_daily_swing2_hold10,1.4240864308988812,4133,True
4,2009,F4_daily_swing2_hold10,-0.2909952058685269,4057,True
4,2010,F4_daily_swing3_hold10,0.05599419666957628,3825,True
4,2011,F4_daily_swing3_hold10,-0.38971895939697865,4245,True
4,2012,F4_daily_swing2_hold10,0.3087678144564897,4981,True
4,2013,F4_daily_swing2_hold10,-0.8505258531227395,4562,True
4,2014,F4_daily_swing2_hold10,-1.1518165694212237,4414,True
4,2015,F4_daily_swing2_hold10,0.2610725828225386,4494,False
4,2016,F4_daily_swing2_hold5,-1.6330907460802855,5370,True
4,2017,F4_daily_swing3_hold10,-0.06443350729969796,4337,True
4,2018,F4_daily_swing3_hold10,-0.16357482899358927,3994,True
4,2019,F4_daily_swing3_hold10,-0.5812793328823467,3766,True
4,2020,F4_daily_swing3_hold10,-0.5314762753269628,3922,True
4,2021,F4_daily_swing2_hold10,-1.178151449008015,4068,True
4,2022,F4_daily_swing2_hold10,-0.1746290816575013,4569,True
4,2023,F4_daily_swing3_hold10,0.12774484163784872,3682,True
4,2024,F4_daily_swing3_hold10,1.1000199874406007,3960,True
4,2025,F4_daily_swing2_hold10,0.9475171119783915,3991,True
4,2026,F4_daily_swing2_hold10,1.3032033470637452,4095,True
5,2004,F5_rs60_top20,2.241267075431662,679,True
5,2005,F5_rs20_top20,1.265596474662759,1617,True
5,2006,F5_rs120_top20,1.8529132473753875,2206,True
5,2007,F5_rs120_top10,1.0727495742590771,1397,True
5,2008,F5_rs120_top20,1.7678856401804044,2883,True
5,2009,F5_rs120_top20,-0.08210837603645221,2859,True
5,2010,F5_rs120_top20,0.61890464505533,2817,True
5,2011,F5_rs120_top10,0.19177909737303525,1402,True
5,2012,F5_rs120_top20,1.1908696549293933,2851,True
5,2013,F5_rs120_top20,0.26589478679304485,2808,True
5,2014,F5_rs120_top20,-0.44213866781356437,2748,True
5,2015,F5_rs120_top20,1.2358374656293334,2746,False
5,2016,F5_rs120_top10,0.8197038369649766,1375,True
5,2017,F5_rs120_top20,1.254782065568208,2771,True
5,2018,F5_rs120_top10,1.0802413191697033,1403,True
5,2019,F5_rs120_top10,0.8400855194454421,1417,True
5,2020,F5_rs120_top10,0.7823337576093743,1421,True
5,2021,F5_rs120_top10,0.489343464507512,1383,True
5,2022,F5_rs120_top10,1.6348915691189398,1399,True
5,2023,F5_rs120_top10,1.7014406026716502,1430,True
5,2024,F5_rs120_top10,2.20722221602366,1477,True
5,2025,F5_rs120_top10,1.8014801432178214,1486,True
5,2026,F5_rs120_top10,1.5763648861196804,1482,True
6,2003,F6_vol120_top10,0.5335392546094263,371,True
6,2004,F6_vol60_top20,3.416416582172925,1065,True
6,2005,F6_vol20_top20,2.5360596324870834,1860,True
6,2006,F6_vol20_top20,3.2650763998503316,2668,True
6,2007,F6_vol20_top10,2.114229098213855,1387,True
6,2008,F6_vol20_top10,2.712564612766254,1442,True
6,2009,F6_vol60_top10,0.8710367071366394,1447,True
6,2010,F6_vol60_top10,1.2019967554007982,1399,True
6,2011,F6_vol60_top10,0.8807413124292152,1379,True
6,2012,F6_vol20_top10,1.8878282781546738,1388,True
6,2013,F6_vol120_top20,1.0397398007102885,2389,True
6,2014,F6_vol120_top20,0.9549779201461084,2344,True
6,2015,F6_vol60_top20,2.8537455929793674,2591,True
6,2016,F6_vol120_top10,1.9462704176603645,1310,False
6,2017,F6_vol20_top10,1.4393764783022396,1366,True
6,2018,F6_vol20_top10,0.9862524073599807,1351,True
6,2019,F6_vol20_top10,1.0011759181908455,1327,True
6,2020,F6_vol120_top10,1.42585173818513,1064,True
6,2021,F6_vol20_top10,0.9992825732832231,1315,True
6,2022,F6_vol20_top10,1.6666382852855197,1330,True
6,2023,F6_vol20_top10,1.6199890810691664,1354,True
6,2024,F6_vol60_top20,1.4015040357257602,2059,True
6,2025,F6_vol120_top10,1.3892515267131456,1198,True
6,2026,F6_vol120_top10,1.4400057937022253,1171,True
7,2025,F7_go_gap3_hold1,0.40486713564628435,348,True
7,2026,F7_go_gap3_hold1,1.1276536740957972,361,True
8,2003,F8_tom_m3_p1,0.8684582676085346,72,True
8,2004,F8_tom_m3_p1,2.0179991583872723,416,True
8,2005,F8_tom_m1_p2,1.8152184436195138,766,True
8,2006,F8_tom_m2_p2,2.3740256129201116,1194,True
8,2007,F8_tom_m1_p2,2.006533387758146,1226,True
8,2008,F8_tom_m1_p2,1.546737827957949,1276,True
8,2009,F8_tom_m1_p2,0.43175116232157557,1329,True
8,2010,F8_tom_m2_p2,0.588388643754297,1425,True
8,2011,F8_tom_m2_p2,0.9401894287754818,1496,True
8,2012,F8_tom_m1_p2,1.0166710167205735,1499,True
8,2013,F8_tom_m1_p2,0.8781535797353421,1535,True
8,2014,F8_tom_m2_p2,0.019061980970648307,1591,True
8,2015,F8_tom_m2_p2,0.5537990338818904,1591,False
8,2016,F8_tom_m1_p2,-0.24976057471186122,1549,True
8,2017,F8_tom_m3_p1,0.9586614213263173,1644,True
8,2018,F8_tom_m3_p1,0.9405920859447795,1672,True
8,2019,F8_tom_m3_p1,0.061868997774850554,1676,True
8,2020,F8_tom_m3_p1,-1.1444751735057699,1716,True
8,2021,F8_tom_m2_p2,-0.8866686938263247,1744,True
8,2022,F8_tom_m0_p2,0.425665940797782,1713,True
8,2023,F8_tom_m2_p2,1.1709416606532888,1786,True
8,2024,F8_tom_m2_p2,1.523768077748242,1811,True
8,2025,F8_tom_m3_p1,1.061025584045414,1830,True
8,2026,F8_preholiday_hold4,-0.1162509637957827,1794,True
